"x1","x2","x3","x4","x5","sum","result"
0.000550837562752174,0.00117553298258163,0.00150104601105087,4.03703544678588e-05,0.000289875735726118,0.00355766264657865,1
0.000912611450406525,0.00357735269337944,0.00208213337397484,0.000109054425201637,0.000467388714410591,0.00714854065737304,2
0.000687160964221907,0.00211449077468801,0.00452318726211335,7.99777284113988e-05,0.000349222222611309,0.00775403895204597,3
0.00107027516950229,0.00699140715162708,0.00315005725899809,0.000123136003257476,0.000551677556839039,0.011886553140224,4
0.000748989481374191,0.00319690205163544,0.00750172177699766,0.000128328571302213,0.00039431142386544,0.0119702533051749,5
